{"stat.chestOpened":6,"stat.pickup.tconstruct.book":2,"stat.useItem.harvestcraft.rhubarbitem":1,"stat.leaveGame":6,"stat.pickup.minecraft.iron_sword":2,"stat.useItem.minecraft.chicken":2,"stat.pickup.gravestone.death_info":4,"stat.useItem.minecraft.rotten_flesh":3,"stat.jump":1105,"stat.swimOneCm":10884,"stat.fallOneCm":19557,"stat.drop.minecraft.wooden_sword":1,"stat.pickup.xreliquary.mob_ingredient":2,"stat.crouchOneCm":219,"stat.mineBlock.gravestone.gravestone":3,"stat.mineBlock.harvestcraft.shadedgarden":1,"stat.pickup.minecraft.dirt":1,"stat.useItem.minecraft.stone_slab2":13,"stat.useItem.minecraft.cooked_chicken":1,"stat.pickup.minecraft.rotten_flesh":4,"stat.useItem.minecraft.egg":3,"stat.damageTaken":979,"stat.pickup.minecraft.feather":11,"stat.mineBlock.minecraft.torch":11,"stat.mineBlock.minecraft.red_flower":1,"stat.useItem.extratrees.food":2,"stat.flyOneCm":108539,"stat.pickup.conarm.book":2,"stat.pickup.minecraft.potato":3,"stat.entityKilledBy.Zombie":2,"stat.damageDealt":722,"stat.timeSinceDeath":37530,"stat.mineBlock.minecraft.dirt":3,"stat.pickup.minecraft.mutton":2,"stat.pickup.harvestcraft.rhubarbitem":1,"stat.pickup.astralsorcery.itemjournal":2,"stat.walkOneCm":321846,"stat.useItem.minecraft.potato":2,"stat.mineBlock.minecraft.double_plant":1,"stat.pickup.extratrees.food":2,"stat.mineBlock.extratrees.leaves.default.fruit.10":1,"stat.pickup.minecraft.shield":2,"stat.talkedToVillager":7,"stat.pickup.minecraft.wooden_sword":3,"stat.pickup.minecraft.chicken":5,"stat.sprintOneCm":115098,"stat.pickup.minecraft.beetroot":2,"stat.useItem.minecraft.iron_sword":8,"stat.killEntity.Chicken":2,"stat.mobKills":6,"stat.pickup.forestry.book_forester":2,"stat.deaths":3,"stat.drop":1,"stat.mineBlock.minecraft.leaves":2,"stat.pickup.minecraft.egg":11,"stat.pickup.minecraft.beetroot_seeds":3,"stat.playOneMinute":103048,"stat.pickup.harvestcraft.juteitem":1,"stat.useItem.minecraft.wooden_sword":38,"stat.pickup.minecraft.torch":12,"stat.killEntity.Sheep":1,"stat.useItem.minecraft.beetroot_seeds":1,"stat.pickup.minecraft.red_flower":1,"stat.sneakTime":337,"stat.pickup.harvestcraft.tealeafitem":1,"stat.pickup.minecraft.wool":1,"stat.killEntity.Zombie":3,"stat.mineBlock.minecraft.tallgrass":8,"stat.diveOneCm":20804,"stat.useItem.minecraft.beetroot":2}