{"stat.chestOpened":1,"stat.pickup.forestry.book_forester":1,"stat.pickup.tconstruct.book":1,"stat.pickup.astralsorcery.itemjournal":1,"stat.flyOneCm":50932,"stat.deaths":1,"stat.walkOneCm":33714,"stat.pickup.conarm.book":1,"stat.jump":127,"stat.swimOneCm":1276,"stat.playOneMinute":23970,"stat.fallOneCm":4353,"stat.mineBlock.quark.variant_leaves":1,"stat.pickup.railcraft.tank_steel_gauge":1,"stat.leaveGame":1,"stat.sneakTime":316,"stat.damageTaken":280,"stat.crouchOneCm":2,"stat.mineBlock.gravestone.gravestone":1,"stat.timeSinceDeath":21079,"stat.sprintOneCm":26403,"stat.useItem.minecraft.stone_slab2":10,"stat.diveOneCm":4946}